id;uuid;finger_name;hand_name
1;7863fd1a-4abd-47f7-b479-e846a2e649aa;RING_FINGER;LEFT_HAND
2;c2b2e82f-5e81-49d1-95be-c5e4a4a4d208;RING_FINGER;RIGHT_HAND
3;470f5536-e862-4dfe-b270-02eb233e6fcb;PINKY_FINGER;LEFT_HAND
4;7e54178c-ce38-48c0-b64a-3e58ec3858d4;PINKY_FINGER;LEFT_HAND
5;a34819ae-a0b0-4f3a-b5d9-be5527571ee6;MIDDLE_FINGER;RIGHT_HAND
6;b9552f30-9aa0-4d84-840e-87933c2dd1c3;THUMB_FINGER;RIGHT_HAND
7;bd8dd1e6-a64f-4f1d-bfea-28563f6c3913;MIDDLE_FINGER;RIGHT_HAND
8;ea2cd6d0-b842-4754-815d-4fb9ee40d225;MIDDLE_FINGER;RIGHT_HAND
9;06e2f040-40d3-4aff-8e3e-8aefc970b11d;INDEX_FINGER;RIGHT_HAND
10;4615d9aa-ddcf-478d-b38a-24f8db1fd4f6;MIDDLE_FINGER;RIGHT_HAND
